{"cameraMode":{"drawMode":0,"name":"Shaded","section":"Shading Mode"},"sceneLighting":false,"audioPlay":false,"sceneViewState":{"showFog":true,"showMaterialUpdate":false,"showSkybox":false,"showFlares":true,"showImageEffects":true,"showParticleSystems":true},"in2DMode":false,"pivot":{"x":-0.2704273462295532,"y":0.21118271350860597,"z":-2.4335503578186037},"rotation":{"x":-0.0021231542341411115,"y":0.9840097427368164,"z":-0.17785020172595979,"w":-0.01182632241398096},"size":4.332574367523193,"orthographic":false}