{"cameraMode":{"drawMode":0,"name":"Shaded","section":"Shading Mode"},"sceneLighting":false,"audioPlay":false,"sceneViewState":{"showFog":true,"showMaterialUpdate":false,"showSkybox":false,"showFlares":true,"showImageEffects":true,"showParticleSystems":true},"in2DMode":false,"pivot":{"x":49.054141998291019,"y":2.9363527297973635,"z":22.53116798400879},"rotation":{"x":-0.39782413840293887,"y":-0.5939550399780273,"z":0.42627760767936709,"w":-0.5543144941329956},"size":5.714637756347656,"orthographic":false}