{"cameraMode":{"drawMode":0,"name":"Shaded","section":"Shading Mode"},"sceneLighting":false,"audioPlay":false,"sceneViewState":{"showFog":true,"showMaterialUpdate":false,"showSkybox":false,"showFlares":true,"showImageEffects":true,"showParticleSystems":true},"in2DMode":false,"pivot":{"x":36.00063705444336,"y":4.588750839233398,"z":12.897759437561036},"rotation":{"x":0.3041057884693146,"y":0.07136032730340958,"z":-0.02285131812095642,"w":0.9496898651123047},"size":8.33677864074707,"orthographic":false}