{"cameraMode":{"drawMode":0,"name":"Shaded","section":"Shading Mode"},"sceneLighting":false,"audioPlay":false,"sceneViewState":{"showFog":true,"showMaterialUpdate":false,"showSkybox":false,"showFlares":true,"showImageEffects":true,"showParticleSystems":true},"in2DMode":false,"pivot":{"x":31.16118621826172,"y":1.576324462890625,"z":6.436767578125},"rotation":{"x":0.3890523612499237,"y":-0.03453376144170761,"z":0.014596069231629372,"w":0.9204580783843994},"size":17.004735946655275,"orthographic":true}