{"cameraMode":{"drawMode":0,"name":"Shaded","section":"Shading Mode"},"sceneLighting":false,"audioPlay":false,"sceneViewState":{"showFog":true,"showMaterialUpdate":false,"showSkybox":false,"showFlares":true,"showImageEffects":true,"showParticleSystems":true},"in2DMode":false,"pivot":{"x":37.90983963012695,"y":2.279184341430664,"z":21.63890838623047},"rotation":{"x":0.4145117700099945,"y":0.05999227985739708,"z":-0.02739764004945755,"w":0.9076544642448425},"size":17.276161193847658,"orthographic":false}