{"cameraMode":{"drawMode":0,"name":"Shaded","section":"Shading Mode"},"sceneLighting":false,"audioPlay":false,"sceneViewState":{"showFog":true,"showMaterialUpdate":false,"showSkybox":false,"showFlares":true,"showImageEffects":true,"showParticleSystems":true},"in2DMode":false,"pivot":{"x":-2.759999990463257,"y":1.055220365524292,"z":0.016364991664886476},"rotation":{"x":0.30431070923805239,"y":-0.22848480939865113,"z":0.0754380151629448,"w":0.9216859340667725},"size":1.2189377546310425,"orthographic":false}