{"cameraMode":{"drawMode":0,"name":"Shaded","section":"Shading Mode"},"sceneLighting":true,"audioPlay":false,"sceneViewState":{"showFog":true,"showMaterialUpdate":false,"showSkybox":true,"showFlares":true,"showImageEffects":true,"showParticleSystems":true},"in2DMode":false,"pivot":{"x":370.25616455078127,"y":-252.30975341796876,"z":46.29949951171875},"rotation":{"x":0.01751832477748394,"y":-0.8924952745437622,"z":0.44943371415138247,"w":0.034813329577445987},"size":355.62078857421877,"orthographic":false}