{"cameraMode":{"drawMode":0,"name":"Shaded","section":"Shading Mode"},"sceneLighting":false,"audioPlay":false,"sceneViewState":{"showFog":true,"showMaterialUpdate":false,"showSkybox":false,"showFlares":true,"showImageEffects":true,"showParticleSystems":true},"in2DMode":false,"pivot":{"x":-2.483354091644287,"y":4.440011024475098,"z":7.717321395874023},"rotation":{"x":0.05321449413895607,"y":-0.9326158165931702,"z":0.32194438576698305,"w":0.1541377604007721},"size":2.9055979251861574,"orthographic":false}