{"cameraMode":{"drawMode":0,"name":"Shaded","section":"Shading Mode"},"sceneLighting":true,"audioPlay":false,"sceneViewState":{"showFog":true,"showMaterialUpdate":false,"showSkybox":true,"showFlares":true,"showImageEffects":true,"showParticleSystems":true},"in2DMode":false,"pivot":{"x":135.60113525390626,"y":93.68191528320313,"z":90.13337707519531},"rotation":{"x":0.4403793215751648,"y":0.3352639079093933,"z":-0.18165206909179688,"w":0.8128724098205566},"size":44.45207595825195,"orthographic":false}