{"cameraMode":{"drawMode":0,"name":"Shaded","section":"Shading Mode"},"sceneLighting":false,"audioPlay":false,"sceneViewState":{"showFog":true,"showMaterialUpdate":false,"showSkybox":false,"showFlares":true,"showImageEffects":true,"showParticleSystems":true},"in2DMode":false,"pivot":{"x":28.31607437133789,"y":-4.810432434082031,"z":8.680553436279297},"rotation":{"x":0.42397281527519228,"y":0.3296133577823639,"z":-0.16909469664096833,"w":0.8264444470405579},"size":18.115262985229493,"orthographic":false}