{"cameraMode":{"drawMode":0,"name":"Shaded","section":"Shading Mode"},"sceneLighting":true,"audioPlay":false,"sceneViewState":{"showFog":true,"showMaterialUpdate":false,"showSkybox":true,"showFlares":true,"showImageEffects":true,"showParticleSystems":true},"in2DMode":false,"pivot":{"x":38.149200439453128,"y":-13.517980575561524,"z":39.86076736450195},"rotation":{"x":0.4106502830982208,"y":0.023241670802235605,"z":-0.010473692789673806,"w":0.9114466905593872},"size":49.436100006103519,"orthographic":false}