{"cameraMode":{"drawMode":0,"name":"Shaded","section":"Shading Mode"},"sceneLighting":true,"audioPlay":false,"sceneViewState":{"showFog":true,"showMaterialUpdate":false,"showSkybox":false,"showFlares":true,"showImageEffects":true,"showParticleSystems":true},"in2DMode":false,"pivot":{"x":34.814361572265628,"y":-5.13056755065918,"z":22.548885345458986},"rotation":{"x":0.37549349665641787,"y":0.04918165132403374,"z":-0.01995766907930374,"w":0.9253069162368774},"size":15.099313735961914,"orthographic":false}