{"cameraMode":{"drawMode":0,"name":"Shaded","section":"Shading Mode"},"sceneLighting":false,"audioPlay":false,"sceneViewState":{"showFog":true,"showMaterialUpdate":false,"showSkybox":false,"showFlares":true,"showImageEffects":true,"showParticleSystems":true},"in2DMode":false,"pivot":{"x":48.919158935546878,"y":4.5,"z":20.93067169189453},"rotation":{"x":0.36569496989250185,"y":0.1029978021979332,"z":-0.04075418412685394,"w":0.9241305589675903},"size":4.717721462249756,"orthographic":false}