{"cameraMode":{"drawMode":0,"name":"Shaded","section":"Shading Mode"},"sceneLighting":false,"audioPlay":false,"sceneViewState":{"showFog":true,"showMaterialUpdate":false,"showSkybox":false,"showFlares":true,"showImageEffects":true,"showParticleSystems":true},"in2DMode":false,"pivot":{"x":1470.526611328125,"y":257.8984680175781,"z":402.5548095703125},"rotation":{"x":0.10636501014232636,"y":0.06706099212169647,"z":-0.0071823131293058399,"w":0.9920483827590942},"size":899.3984375,"orthographic":false}