{"cameraMode":{"drawMode":0,"name":"Shaded","section":"Shading Mode"},"sceneLighting":false,"audioPlay":false,"sceneViewState":{"showFog":true,"showMaterialUpdate":false,"showSkybox":false,"showFlares":true,"showImageEffects":true,"showParticleSystems":true},"in2DMode":false,"pivot":{"x":370.3743896484375,"y":953.8795166015625,"z":764.6399536132813},"rotation":{"x":0.015255706384778023,"y":0.08388698101043701,"z":-0.001282604644075036,"w":0.996361494064331},"size":595.5067749023438,"orthographic":false}