{"cameraMode":{"drawMode":0,"name":"Shaded","section":"Shading Mode"},"sceneLighting":true,"audioPlay":false,"sceneViewState":{"showFog":true,"showMaterialUpdate":false,"showSkybox":true,"showFlares":true,"showImageEffects":true,"showParticleSystems":true},"in2DMode":false,"pivot":{"x":32.10232162475586,"y":0.8262605667114258,"z":18.345603942871095},"rotation":{"x":0.14247412979602815,"y":-0.8075135946273804,"z":0.21725308895111085,"w":0.5296139717102051},"size":3.38626766204834,"orthographic":false}