{"cameraMode":{"drawMode":0,"name":"Shaded","section":"Shading Mode"},"sceneLighting":true,"audioPlay":false,"sceneViewState":{"showFog":true,"showMaterialUpdate":false,"showSkybox":false,"showFlares":true,"showImageEffects":true,"showParticleSystems":true},"in2DMode":false,"pivot":{"x":34.808956146240237,"y":3.0347957611083986,"z":19.631023406982423},"rotation":{"x":-0.3539654612541199,"y":-0.005866107065230608,"z":0.0022214341443032028,"w":-0.9352538585662842},"size":22.442914962768556,"orthographic":false}