{"cameraMode":{"drawMode":0,"name":"Shaded","section":"Shading Mode"},"sceneLighting":true,"audioPlay":false,"sceneViewState":{"showFog":true,"showMaterialUpdate":false,"showSkybox":false,"showFlares":true,"showImageEffects":true,"showParticleSystems":true},"in2DMode":false,"pivot":{"x":23.71767807006836,"y":-5.5116424560546879,"z":9.8919677734375},"rotation":{"x":-0.590287983417511,"y":-0.026844583451747896,"z":0.01964838057756424,"w":-0.806526243686676},"size":22.442914962768556,"orthographic":false}