{"cameraMode":{"drawMode":0,"name":"Shaded","section":"Shading Mode"},"sceneLighting":false,"audioPlay":false,"sceneViewState":{"showFog":true,"showMaterialUpdate":false,"showSkybox":false,"showFlares":true,"showImageEffects":true,"showParticleSystems":true},"in2DMode":false,"pivot":{"x":34.10747146606445,"y":-3.156613349914551,"z":29.717695236206056},"rotation":{"x":0.40142467617988589,"y":-0.17626889050006867,"z":0.07903443276882172,"w":0.8952924609184265},"size":5.937895774841309,"orthographic":false}