{"cameraMode":{"drawMode":0,"name":"Shaded","section":"Shading Mode"},"sceneLighting":true,"audioPlay":false,"sceneViewState":{"showFog":true,"showMaterialUpdate":false,"showSkybox":true,"showFlares":true,"showImageEffects":true,"showParticleSystems":true},"in2DMode":false,"pivot":{"x":6.8316850662231449,"y":-2.4705352783203127,"z":17.980693817138673},"rotation":{"x":0.4855101406574249,"y":0.05108635500073433,"z":-0.0284348763525486,"w":0.8722748756408691},"size":69.47322845458985,"orthographic":false}