{"cameraMode":{"drawMode":0,"name":"Shaded","section":"Shading Mode"},"sceneLighting":false,"audioPlay":false,"sceneViewState":{"showFog":true,"showMaterialUpdate":false,"showSkybox":false,"showFlares":true,"showImageEffects":true,"showParticleSystems":true},"in2DMode":false,"pivot":{"x":35.54999923706055,"y":2.8499999046325685,"z":26.192703247070314},"rotation":{"x":0.39332568645477297,"y":-0.22522862255573274,"z":0.10001295059919357,"w":0.8857601881027222},"size":4.182992935180664,"orthographic":false}