{"cameraMode":{"drawMode":0,"name":"Shaded","section":"Shading Mode"},"sceneLighting":true,"audioPlay":false,"sceneViewState":{"showFog":true,"showMaterialUpdate":false,"showSkybox":true,"showFlares":true,"showImageEffects":true,"showParticleSystems":true},"in2DMode":false,"pivot":{"x":28.073375701904298,"y":-4.347051620483398,"z":28.36389923095703},"rotation":{"x":0.4259133040904999,"y":-0.1295340359210968,"z":0.06175833195447922,"w":0.893314778804779},"size":27.39927101135254,"orthographic":false}