{"cameraMode":{"drawMode":0,"name":"Shaded","section":"Shading Mode"},"sceneLighting":false,"audioPlay":false,"sceneViewState":{"showFog":true,"showMaterialUpdate":false,"showSkybox":false,"showFlares":true,"showImageEffects":true,"showParticleSystems":true},"in2DMode":false,"pivot":{"x":65.90945434570313,"y":-4.925772666931152,"z":16.287363052368165},"rotation":{"x":-0.320902943611145,"y":-0.5994969606399536,"z":0.28473424911499026,"w":-0.6756970286369324},"size":8.521982192993164,"orthographic":false}